ward,annual_rainfall_mm,rainfall_method
127-RANGAREDDY NAGAR,1103.5406494140625,nearest_grid_point
119-OLD BOWENPALLY,1103.5406494140625,nearest_grid_point
145-SEETHAPHALMANDI,1103.5406494140625,nearest_grid_point
146-BOUDHA NAGAR,1103.5406494140625,nearest_grid_point
147-BANSILALPET,1103.5406494140625,nearest_grid_point
144-METTUGUDA,1103.5406494140625,nearest_grid_point
148-RAMGOPALPET,1103.5406494140625,nearest_grid_point
150-MONDA  MARKET,1103.5406494140625,nearest_grid_point
136-NEREDMET,1103.5406494140625,nearest_grid_point
141-GOUTHAM NAGAR,1103.5406494140625,nearest_grid_point
140-MALKAJGIRI,1103.5406494140625,nearest_grid_point
139-EAST ANAND BAGH,1103.5406494140625,nearest_grid_point
142-ADDAGUTTA,1103.5406494140625,nearest_grid_point
137-VINAYAK NAGAR,1103.5406494140625,nearest_grid_point
134-ALWAL,1103.5406494140625,grid_points_mean
132-JEEDIMETLA,1103.5406494140625,nearest_grid_point
CONTONMENT AREA,1103.5406494140625,nearest_grid_point
120-BALA NAGAR,1103.5406494140625,nearest_grid_point
130-SUBHASH NAGAR,1103.5406494140625,nearest_grid_point
131-QUTHBULLAPUR,1103.5406494140625,nearest_grid_point
121-KUKATPALLY,1103.5406494140625,nearest_grid_point
125-GAJULARAMARAM,1103.5406494140625,nearest_grid_point
124-ALLYWN COLONY,1103.5406494140625,nearest_grid_point
114-K.P.H.B.COLONY,1103.5406494140625,nearest_grid_point
116-ALLAPUR,1103.5406494140625,nearest_grid_point
115-BALAJI NAGAR,1103.5406494140625,nearest_grid_point
117-MOOSAPET,1103.5406494140625,nearest_grid_point
105-GACHIBOWLI,1164.5992431640625,nearest_grid_point
110-CHANDANAGAR,1164.5992431640625,nearest_grid_point
111-BHARATHI NAGAR,1164.5992431640625,nearest_grid_point
106-SERILINGAMPALLY,1164.5992431640625,nearest_grid_point
104-KONDAPUR,1164.5992431640625,nearest_grid_point
109-HAFEEZPET,1164.5992431640625,nearest_grid_point
118-FATEH NAGAR,1103.5406494140625,nearest_grid_point
143-TARNAKA,1103.5406494140625,nearest_grid_point
8-HABSIGUDA,1103.5406494140625,nearest_grid_point
40-RIYASATNAGAR,1206.9156494140625,nearest_grid_point
36-LALITHABAGH,1206.9156494140625,nearest_grid_point
34-TALABCHANCHALAM,1206.9156494140625,nearest_grid_point
22-CHAITHANYAPURI,1206.9156494140625,nearest_grid_point
37-KURMAGUDA,1206.9156494140625,nearest_grid_point
31-REIN BAZAR,1206.9156494140625,nearest_grid_point
29-CHAWANI,1206.9156494140625,nearest_grid_point
38-I.S.SADAN,1206.9156494140625,nearest_grid_point
18-LINGOJIGUDA,1206.9156494140625,nearest_grid_point
16-HASTHINAPURAM,1206.9156494140625,nearest_grid_point
20-R.K.PURAM,1206.9156494140625,nearest_grid_point
19-SAROORNAGAR,1206.9156494140625,nearest_grid_point
14-B.N.REDDY NAGAR,1206.9156494140625,nearest_grid_point
12-MANSOORABAD,1206.9156494140625,nearest_grid_point
21-KOTHAPET,1206.9156494140625,nearest_grid_point
11-NAGOLE,1206.9156494140625,nearest_grid_point
10-UPPAL,1103.5406494140625,nearest_grid_point
GRAMPANCHAYAT PEERZADI GUDA,1103.5406494140625,nearest_grid_point
KALAVANCHA GRAM PANCHAYATH,1206.9156494140625,nearest_grid_point
13-HAYATHNAGAR,1206.9156494140625,nearest_grid_point
15-VANASTHALIPURAM,1206.9156494140625,nearest_grid_point
26-OLD MALAKPET,1103.5406494140625,nearest_grid_point
17-CHAMPAPET,1206.9156494140625,nearest_grid_point
39-SANTOSH NAGAR,1206.9156494140625,nearest_grid_point
66-LUNGER HOUSE,1103.5406494140625,nearest_grid_point
112-RAMACHANDRAPURAM,1164.5992431640625,nearest_grid_point
128-CHINTAL,1103.5406494140625,nearest_grid_point
126-JAGADGIRI GUTTA,1103.5406494140625,nearest_grid_point
129-SURARAM,1103.5406494140625,nearest_grid_point
133-MACHABOLARUM,1103.5406494140625,nearest_grid_point
138-MOULA-ALI,1103.5406494140625,nearest_grid_point
107-MADHAPUR,1103.5406494140625,nearest_grid_point
OU,1103.5406494140625,nearest_grid_point
149-BEGUMPET,1103.5406494140625,nearest_grid_point
135-VENKATAPURAM,1103.5406494140625,nearest_grid_point
123-HYDER NAGAR,1103.5406494140625,nearest_grid_point
122-VIVEKANANDA NAGAR COLONY,1103.5406494140625,nearest_grid_point
113-PATANCHERUVU,1164.5992431640625,nearest_grid_point
108-MIYAPUR,1164.5992431640625,nearest_grid_point
41-KANCHANBAGH,1206.9156494140625,nearest_grid_point
7-CHILUKA NAGAR,1103.5406494140625,nearest_grid_point
9-RAMANTHAPUR,1103.5406494140625,nearest_grid_point
25-MOOSARAMBAGH,1206.9156494140625,nearest_grid_point
BANDLA GUDA,1164.5992431640625,nearest_grid_point
28-AZAMPURA,1206.9156494140625,nearest_grid_point
56-KISHAN BAGH,1206.9156494140625,nearest_grid_point
52-PURANAPOOL,1206.9156494140625,nearest_grid_point
59-MAILARDEVPALLY,1206.9156494140625,nearest_grid_point
46-FALAKNUMA,1206.9156494140625,nearest_grid_point
61-ATTAPUR,1206.9156494140625,nearest_grid_point
60-RAJENDRANAGAR,1206.9156494140625,nearest_grid_point
49-GANSIBAZAR,1206.9156494140625,nearest_grid_point
33-MOGHALPURA,1206.9156494140625,nearest_grid_point
47-NAWABSAHEBKUNTA,1206.9156494140625,nearest_grid_point
58-SHASTRIPURAM,1206.9156494140625,nearest_grid_point
54-JAHANUMA,1206.9156494140625,nearest_grid_point
48-SHALIBANDA,1206.9156494140625,nearest_grid_point
53-DOODBOWLI,1206.9156494140625,nearest_grid_point
55-RAMNASTPURA,1206.9156494140625,nearest_grid_point
43-CHANDRAYANGUTTA,1206.9156494140625,nearest_grid_point
44-UPPUGUDA,1206.9156494140625,nearest_grid_point
35-GOWLIPURA,1206.9156494140625,nearest_grid_point
30-DABEERPURA,1206.9156494140625,nearest_grid_point
32-PATHER GATTI,1206.9156494140625,nearest_grid_point
23-GADDIANNARAM,1206.9156494140625,nearest_grid_point
24-SAIDABAD,1206.9156494140625,nearest_grid_point
27-AKBERBAGH,1206.9156494140625,nearest_grid_point
45-JANGAMMET,1206.9156494140625,nearest_grid_point
42-BARKAS,1206.9156494140625,nearest_grid_point
57-SULEMAN NAGAR,1206.9156494140625,nearest_grid_point
74-AHMED NAGAR,1103.5406494140625,nearest_grid_point
92-VENKATESHWARA COLONY,1103.5406494140625,nearest_grid_point
89-GANDHINAGAR,1103.5406494140625,nearest_grid_point
75-RED HILLS,1103.5406494140625,nearest_grid_point
79-HIMAYATNAGAR,1103.5406494140625,nearest_grid_point
88-BHOLAKPUR,1103.5406494140625,nearest_grid_point
86-MUSHEERABAD,1103.5406494140625,nearest_grid_point
85-ADIKMET,1103.5406494140625,nearest_grid_point
87-RAMNAGAR,1103.5406494140625,nearest_grid_point
90-KAVADIGUDA,1103.5406494140625,nearest_grid_point
93-BANJARA HILLS,1103.5406494140625,nearest_grid_point
91-KHAIRATABAD,1103.5406494140625,nearest_grid_point
103-BORABANDA,1103.5406494140625,nearest_grid_point
97-SOMAJIGUDA,1103.5406494140625,nearest_grid_point
98-AMEERPET,1103.5406494140625,nearest_grid_point
101-ERRAGADDA,1103.5406494140625,nearest_grid_point
100-SANATH NAGAR,1103.5406494140625,nearest_grid_point
99-VENGALRAO NAGAR,1103.5406494140625,nearest_grid_point
102-RAHAMATH NAGAR,1103.5406494140625,nearest_grid_point
6-NACHARAM,1103.5406494140625,nearest_grid_point
84-BAGH AMBERPET,1103.5406494140625,nearest_grid_point
81-NALLAKUNTA,1103.5406494140625,nearest_grid_point
80-KACHIGUDA(Barkathpura),1103.5406494140625,nearest_grid_point
82-GOLNAKA,1103.5406494140625,nearest_grid_point
83-AMBERPET,1103.5406494140625,nearest_grid_point
51-GOSHA MAHAL,1103.5406494140625,nearest_grid_point
68-TOLICHOWKI,1103.5406494140625,nearest_grid_point
67-GOLCONDA,1103.5406494140625,nearest_grid_point
77-JAMBAGH(Nampally),1103.5406494140625,nearest_grid_point
63-MANGALHAT,1103.5406494140625,nearest_grid_point
71-GUDIMALKAPUR,1103.5406494140625,nearest_grid_point
70-MEHDIPATNAM,1103.5406494140625,nearest_grid_point
76-MALLEPALLY,1103.5406494140625,nearest_grid_point
62-ZIAGUDA,1206.9156494140625,nearest_grid_point
72-ASIF NAGAR,1103.5406494140625,nearest_grid_point
73-VIJAYANAGAR COLONY,1103.5406494140625,nearest_grid_point
5-MALLAPUR,1103.5406494140625,nearest_grid_point
3-CHERLAPALLY,1103.5406494140625,nearest_grid_point
96-YOUSUFGUDA,1103.5406494140625,nearest_grid_point
95-JUBILEE HILLS,1103.5406494140625,nearest_grid_point
50-BEGUM BAZAR,1206.9156494140625,nearest_grid_point
78-GUNFOUNDRY(Abids),1103.5406494140625,nearest_grid_point
65-KARWAN,1103.5406494140625,nearest_grid_point
2-DR.A.S.RAO NAGAR,1103.5406494140625,nearest_grid_point
4-MEERPET H.B.COLONY,1103.5406494140625,nearest_grid_point
1-KAPRA,1103.5406494140625,nearest_grid_point
94-SHAIKPET,1103.5406494140625,nearest_grid_point
64-DATTATHREYA NAGAR,1103.5406494140625,nearest_grid_point
69-NANALNAGAR,1103.5406494140625,nearest_grid_point
